{
	"info": {
		"_postman_id": "311b0534-9e19-43cc-9345-8d95072bf7b4",
		"name": "BANK",
		"schema": "https://schema.getpostman.com/json/collection/v2.1.0/collection.json"
	},
	"item": [
		{
			"name": "ACCOUNTS",
			"item": [
				{
					"name": "accounts",
					"protocolProfileBehavior": {
						"disableBodyPruning": true
					},
					"request": {
						"method": "GET",
						"header": [],
						"body": {
							"mode": "raw",
							"raw": "",
							"options": {
								"raw": {
									"language": "json"
								}
							}
						},
						"url": {
							"raw": "http://localhost:9091/bank/api/displayAccounts",
							"protocol": "http",
							"host": [
								"localhost"
							],
							"port": "9091",
							"path": [
								"bank",
								"api",
								"displayAccounts"
							]
						}
					},
					"response": []
				},
				{
					"name": "accounts",
					"request": {
						"method": "POST",
						"header": [],
						"body": {
							"mode": "raw",
							"raw": "{\r\n    \"accountNumber\" : 12232373713,\r\n    \"userName\"  :  \"Joseph\",\r\n    \"accountBalance\": 1000\r\n}",
							"options": {
								"raw": {
									"language": "json"
								}
							}
						},
						"url": {
							"raw": "http://localhost:9091/bank/api/updateaccount",
							"protocol": "http",
							"host": [
								"localhost"
							],
							"port": "9091",
							"path": [
								"bank",
								"api",
								"updateaccount"
							]
						}
					},
					"response": []
				},
				{
					"name": "New Request",
					"request": {
						"method": "PUT",
						"header": [],
						"body": {
							"mode": "raw",
							"raw": "{\r\n\"userName\": \"joji\"\r\n}",
							"options": {
								"raw": {
									"language": "json"
								}
							}
						},
						"url": {
							"raw": "http://localhost:9091/bank/api/updateaccount/12232387634",
							"protocol": "http",
							"host": [
								"localhost"
							],
							"port": "9091",
							"path": [
								"bank",
								"api",
								"updateaccount",
								"12232387634"
							]
						}
					},
					"response": []
				},
				{
					"name": "accounts",
					"request": {
						"method": "DELETE",
						"header": [],
						"body": {
							"mode": "raw",
							"raw": "",
							"options": {
								"raw": {
									"language": "json"
								}
							}
						},
						"url": {
							"raw": "http://localhost:9091/bank/api/deleteaccount/12232387647",
							"protocol": "http",
							"host": [
								"localhost"
							],
							"port": "9091",
							"path": [
								"bank",
								"api",
								"deleteaccount",
								"12232387647"
							]
						}
					},
					"response": []
				},
				{
					"name": "accountsfind",
					"request": {
						"method": "GET",
						"header": []
					},
					"response": []
				}
			]
		},
		{
			"name": "USERS",
			"item": [
				{
					"name": "users",
					"protocolProfileBehavior": {
						"disableBodyPruning": true
					},
					"request": {
						"method": "GET",
						"header": [],
						"body": {
							"mode": "raw",
							"raw": "",
							"options": {
								"raw": {
									"language": "json"
								}
							}
						},
						"url": {
							"raw": "http://localhost:9091/bank/api/displayUsers",
							"protocol": "http",
							"host": [
								"localhost"
							],
							"port": "9091",
							"path": [
								"bank",
								"api",
								"displayUsers"
							]
						}
					},
					"response": []
				},
				{
					"name": "users",
					"request": {
						"method": "POST",
						"header": [],
						"body": {
							"mode": "raw",
							"raw": "{\r\n        \"userName\": \"John\",\r\n        \"password\": \"john1998\",\r\n        \"creationDate\": \"2021-01-10\",\r\n        \"noOfAccounts\": 1,\r\n        \"listOfAccountNumbers\": 12232387634,\r\n        \"totalBalance\": 40000,\r\n        \"contactNo\": 9887778265\r\n       \r\n    }\r\n\r\n}",
							"options": {
								"raw": {
									"language": "json"
								}
							}
						},
						"url": {
							"raw": "http://localhost:9091/bank/api/insertuser",
							"protocol": "http",
							"host": [
								"localhost"
							],
							"port": "9091",
							"path": [
								"bank",
								"api",
								"insertuser"
							]
						}
					},
					"response": []
				},
				{
					"name": "users",
					"request": {
						"method": "DELETE",
						"header": [],
						"url": {
							"raw": "http://localhost:9091/bank/api/deleteuser/John",
							"protocol": "http",
							"host": [
								"localhost"
							],
							"port": "9091",
							"path": [
								"bank",
								"api",
								"deleteuser",
								"John"
							]
						}
					},
					"response": []
				},
				{
					"name": "New Request",
					"request": {
						"method": "PUT",
						"header": [],
						"body": {
							"mode": "raw",
							"raw": "{\r\n    \"password\" : \"yasar123\"\r\n}",
							"options": {
								"raw": {
									"language": "json"
								}
							}
						},
						"url": {
							"raw": "http://localhost:9091/bank/api/updateuser/Yasar",
							"protocol": "http",
							"host": [
								"localhost"
							],
							"port": "9091",
							"path": [
								"bank",
								"api",
								"updateuser",
								"Yasar"
							]
						}
					},
					"response": []
				},
				{
					"name": "usersfind",
					"request": {
						"method": "GET",
						"header": []
					},
					"response": []
				}
			]
		}
	]
}